wavelength_nm,global_mean_spectrum
402.188,0.010986166155707905
406.56199999999995,0.011106055383637188
410.93800000000005,0.011320213695823138
415.313,0.011623714339821163
419.68699999999995,0.011993007608793581
424.06300000000005,0.012413569473037568
428.438,0.012885444336016008
432.813,0.013382280393904296
437.18800000000005,0.013851080215620945
441.563,0.014291973204041521
445.938,0.01471531369354731
450.31300000000005,0.01510751965770396
454.688,0.015454595936910967
459.063,0.015746258488167464
463.438,0.015975558844947956
467.813,0.01615556371691734
472.187,0.016309820126965253
476.562,0.01645459412606821
480.938,0.016613067504901362
485.313,0.01683925176524402
489.688,0.01719584182709999
494.063,0.017733363179674295
498.438,0.018550374649930746
502.812,0.019779900343176754
507.188,0.021493981749517842
511.563,0.023770637507647432
515.937,0.02673303111679464
520.313,0.03020073388213253
524.687,0.03368375521711035
529.062,0.036867404213044214
533.438,0.03953468972194666
537.813,0.041617088073811224
542.188,0.04321883972821525
546.563,0.04443179454819377
550.938,0.04522657810501793
555.312,0.04546718857003725
559.688,0.04503870766207304
564.063,0.043971132832278575
568.438,0.042396873841741275
572.813,0.04054163884196896
577.187,0.03875523375976627
581.562,0.03729070391480718
585.938,0.03618193664984574
590.313,0.0353551337374059
594.688,0.0347513995818493
599.063,0.034248104971193245
603.438,0.03364121249576177
607.812,0.032800841010272655
612.188,0.03177100080079981
616.563,0.030745923129919295
620.937,0.029943101754179226
625.312,0.029438381088208794
629.687,0.02910602170159109
634.063,0.028682452903982872
638.437,0.02794483364438444
642.813,0.026881808874992807
647.188,0.02567328814805175
651.563,0.024519465538226846
655.938,0.02343151528262145
660.313,0.02233079349292287
664.687,0.021306993438532422
669.063,0.020556321382367362
673.438,0.020244687060961344
677.813,0.020508874265942723
682.187,0.021673663540180618
686.562,0.02459226839632417
690.937,0.030479005861319214
695.312,0.03984317111307367
699.688,0.05238253957611354
704.063,0.06724996852533272
708.438,0.08282824169650363
712.813,0.09834918961472189
717.187,0.1152088198189934
721.563,0.13415739515175423
725.938,0.15266407639641935
730.313,0.16875255724415184
734.687,0.18147635604254903
739.063,0.19124677734915166
743.437,0.19879437083223214
747.812,0.20441255883624157
752.188,0.20837400924414395
756.563,0.21120772931569567
760.938,0.21380914006071786
765.313,0.21618932886825254
769.688,0.21757736708968878
774.063,0.21843864789698272
778.438,0.2191456116301318
782.813,0.21974492114192495
787.188,0.2202749755140394
791.563,0.2207689466063554
795.937,0.2212320587070038
800.312,0.22166855954254666
804.688,0.2220772630115971
809.063,0.2224721533075596
813.438,0.22289321286603808
817.813,0.223328156019561
822.188,0.2236803857314711
826.5630000000001,0.2239284421224147
830.937,0.2241282616633301
835.313,0.22433529790025206
839.688,0.22458299344715973
844.063,0.22487136496386181
848.437,0.22518935665798684
852.812,0.2255276963642488
857.187,0.22585886339191347
861.563,0.22616279345781853
865.938,0.22645225203751276
870.313,0.22672902111895382
874.687,0.22698309509859732
879.063,0.2272168522917976
883.437,0.22742729052746047
887.813,0.22761415917271127
892.188,0.22779650485298286
896.562,0.22799313837662338
900.938,0.228172681137609
905.312,0.22828889781298736
909.6880000000001,0.22835142846995343
914.062,0.2283341627738749
918.438,0.2282008601150786
922.813,0.2279922083377217
927.188,0.22773302701146653
931.563,0.22726908342291913
935.937,0.2260213121942555
940.312,0.22414077643615504
944.688,0.22212302622385324
949.063,0.21943591353173056
953.438,0.21636327888195714
957.812,0.21360848288207004
962.187,0.21174360075499862
966.562,0.21079233944105605
970.938,0.21042403891061742
975.313,0.21041889674340686
979.688,0.21075259214577577
984.063,0.21141610552867254
988.438,0.21240029086358844
992.812,0.21364541673567147
997.188,0.21500474162399769
1001.5600000000001,0.2164136466678853
1005.94,0.2179086209507659
1010.3100000000001,0.21948116493256142
1014.69,0.22107434444595128
1019.0600000000001,0.2226569316148137
1023.4399999999999,0.22420767426646004
1027.81,0.22568714203933873
1032.19,0.2270657800293217
1036.56,0.2283388998437052
1040.94,0.22950081110155832
1045.31,0.23054657698453715
1049.69,0.2314806324848905
1054.06,0.23229496840853245
1058.44,0.23298226132368047
1062.81,0.23354919127809504
1067.19,0.23400571628163258
1071.5600000000002,0.23435199721716343
1075.9399999999998,0.23458108760416507
1080.3100000000002,0.2346911316892753
1084.6899999999998,0.2346804977968956
1089.06,0.23455583752443393
1093.44,0.2343341762665659
1097.81,0.2340185074042529
1102.19,0.2336045544858401
1106.56,0.23312643500355382
1110.94,0.23265447278662274
1115.31,0.23216591932810843
1119.69,0.2313163953833282
1124.06,0.22886618834144126
1128.44,0.22411951334215702
1132.8100000000002,0.21879980550147593
1137.1899999999998,0.21387266240548342
1141.56,0.20904355832841248
1145.94,0.20217975827865303
1150.31,0.19478712222383668
1154.69,0.19041930160485207
1159.06,0.18823939034404855
1163.44,0.18704080937430262
1167.81,0.18629710616233447
1172.19,0.18578578907530754
1176.56,0.18538585701957344
1180.94,0.1850110711622983
1185.3100000000002,0.1846406499715522
1189.6899999999998,0.18435370968654752
1194.06,0.18425087900677076
1198.44,0.18440217651426793
1202.81,0.1848320898724099
1207.19,0.1855006013577804
1211.56,0.1863854553271085
1215.94,0.1874580323820313
1220.31,0.18863655066117643
1224.69,0.18986371878534555
1229.06,0.19108018816138309
1233.44,0.1922256108839065
1237.8100000000002,0.19328201020757357
1242.1899999999998,0.194259809628129
1246.56,0.19516470773455996
1250.94,0.19597399640052268
1255.31,0.1966564610771214
1259.69,0.19720019916538148
1264.06,0.19758233771193773
1268.44,0.1977230563480407
1272.81,0.19756503291117647
1277.19,0.197137755388394
1281.56,0.19645808972107867
1285.94,0.19552684533254555
1290.3100000000002,0.19432564994785934
1294.6899999999998,0.19278171935429175
1299.0600000000002,0.19084252047973374
1303.4399999999998,0.18849724905099718
1307.81,0.18571058246307076
1312.19,0.18240112053696067
1316.56,0.1785900114600857
1320.94,0.17458421372032415
1325.31,0.17062246775409828
1329.69,0.16623314080604662
1334.06,0.1609405694847616
1338.44,0.1563406266256546
1342.81,0.15332409131030242
1347.19,0.15131321117126692
1500.31,0.05437979980090556
1504.69,0.05603950788548294
1509.0600000000002,0.05777811187207893
1513.4399999999998,0.05952950042061275
1517.8100000000002,0.0613660639571511
1522.1899999999998,0.06319821201723244
1526.56,0.06501175063567341
1530.94,0.06685199292422718
1535.31,0.06868103603694181
1539.69,0.070501009565196
1544.06,0.07232870109083403
1548.44,0.07412921513459877
1552.81,0.07588302469429133
1557.19,0.07760287378381084
1561.56,0.07925867958304783
1565.94,0.08086351267508386
1570.3100000000002,0.08249478145890558
1574.6899999999998,0.08414106466370867
1579.06,0.08572132805323539
1583.44,0.08723928086760377
1587.81,0.0887356874080918
1592.19,0.09021003681235015
1596.56,0.09163601468569443
1600.94,0.09303999488338983
1605.31,0.09441828117337234
1609.69,0.09574036875293435
1614.06,0.09698546821678368
1618.44,0.09813250476746664
1622.8100000000002,0.0992074457934359
1627.1899999999998,0.10021381391813823
1631.56,0.10112876887530244
1635.94,0.10194713328091894
1640.31,0.10267546213891668
1644.69,0.10328873958108792
1649.06,0.1037417921491821
1653.44,0.10402511584145638
1657.81,0.10416632431830901
1662.19,0.10421476636955049
1666.56,0.10421002262931628
1670.94,0.10414170724068147
1675.3100000000002,0.10394970501676047
1679.6899999999998,0.1035848653576492
1684.06,0.10305328454919314
1688.44,0.10238190168029784
1692.81,0.10157723735940333
1697.19,0.10064758002389378
1701.56,0.09962743199954276
1705.94,0.09855674378709713
1710.31,0.09747202688187827
1714.69,0.09645366732516171
1719.06,0.09554181255516596
1723.44,0.09469922052153076
1727.8100000000002,0.09393525443292068
1732.1899999999998,0.09323442540383743
1736.5600000000002,0.09246620519610588
1740.9399999999998,0.09154949782726665
1745.31,0.09047351033620847
1749.69,0.08929296721840121
1754.06,0.08811814675282222
1758.44,0.08700768194762834
1762.81,0.08602173285190172
1767.19,0.08515901000714318
1771.56,0.08446811924436284
1775.94,0.08392719458187155
1780.31,0.08346401582510832
1784.69,0.08310012526082573
1789.0600000000002,0.08286423798815425
1999.06,0.027072716293720683
2003.4399999999998,0.027795245635934406
2007.8100000000002,0.028712759020612186
2012.1899999999998,0.029481259578581862
2016.5600000000002,0.030377928079736497
2020.94,0.03112198065345486
2025.3100000000002,0.0316461289524644
2029.69,0.032134361010200035
2034.0600000000002,0.03260642294480931
2038.44,0.03305499776906799
2042.8099999999997,0.033500267065731656
2047.19,0.0339351574430475
2051.56,0.03441306371697768
2055.94,0.03497536320986304
2060.31,0.035516440353918974
2064.69,0.0360376115203447
2069.06,0.036588944698063036
2073.44,0.037129432298631096
2077.81,0.03763849415486523
2082.19,0.038144308135767156
2086.56,0.03867187000985723
2090.9399999999996,0.0392029680586226
2095.31,0.03972533960234917
2099.69,0.04026225575294423
2104.06,0.04080305219278671
2108.44,0.04131902712513693
2112.81,0.041827010048145895
2117.19,0.042341508633689955
2121.56,0.04285872804010675
2125.94,0.043355327516134516
2130.31,0.04381419016775908
2134.69,0.04424848036006248
2139.0600000000004,0.04467866829635265
2143.44,0.04509959634529272
2147.8100000000004,0.045520843086900034
2152.19,0.045964005101413935
2156.56,0.04639561906030091
2160.94,0.046792969574744346
2165.31,0.04717993645191503
2169.69,0.047550866775854954
2174.06,0.0479029450417147
2178.44,0.04824837514897808
2182.81,0.048598360333611104
2187.19,0.04894295522923737
2191.56,0.04923598601046251
2195.9399999999996,0.04948699805531457
2200.31,0.04972836058678998
2204.6899999999996,0.049953088479718036
2209.06,0.05013461299846919
2213.44,0.050248621402570276
2217.81,0.05028993018509936
2222.19,0.0502464073933758
2226.56,0.0500726141340662
2230.94,0.04972461639049774
2235.31,0.04920042599502873
2239.69,0.048536112899843525
2244.06,0.04776810082505108
2248.44,0.046925057681995286
2252.8100000000004,0.04603999236142651
2257.19,0.045128640868933874
2261.56,0.044215099572126444
2265.94,0.04333595463976962
2270.31,0.04251499877825457
2274.69,0.04175065029674443
2279.06,0.041020486146444456
2283.44,0.04029976663412526
2287.81,0.0395739108028162
2292.19,0.038815462857989286
2296.56,0.03803118355368497
2300.94,0.037309749013802504
2305.31,0.03672086829445713
2309.6899999999996,0.036280487836823645
2314.06,0.035945955290808344
2318.44,0.03562262796486417
2322.81,0.03524852405796992
2327.19,0.03483449468204829
2331.56,0.034393613538025725
2335.94,0.033933772405337854
2340.31,0.03346888714469969
2344.69,0.033050868648764054
2349.06,0.03271332456594488
2353.44,0.032420861040300224
2357.8100000000004,0.0321809020464813
2362.19,0.031975227935763545
2366.5600000000004,0.03174851294917365
2370.94,0.031461546585099615
2375.31,0.031158846020504522
2379.69,0.030847700530430303
2384.06,0.03045088928677918
2388.44,0.029999334152283456
2392.81,0.02958691094041569
2397.19,0.029214133636366265
2401.56,0.028857944391929777
2405.94,0.028469834811306403
2410.31,0.028031111513337238
2414.6899999999996,0.02750286627508103
2419.06,0.0268791380528819
2423.4399999999996,0.026432515235161796
2427.81,0.026105531299599534
2432.19,0.02571541835158617
2436.56,0.02519034650852821
2440.94,0.02481739139003063
2445.31,0.024475612992403816
2449.69,0.023479772820088934
2454.06,0.022560991971028368
2458.44,0.0223918450474351
2462.81,0.022106960914003746
2467.19,0.021483289131847414
2471.5600000000004,0.020303994555411008
